Name,Sequence,Concentration,Purification
SCO5088_loc_73,CGGTTGGTAGGATCGACGGCCCGCCGACCAGTACGGCGCCGTTTTAGAGCTAGAAATAGC,25nm,STD
SCO5088_loc_67,CGGTTGGTAGGATCGACGGCACCAGTACGGCGCCAGGCCGGTTTTAGAGCTAGAAATAGC,25nm,STD
SCO5089_loc_162,CGGTTGGTAGGATCGACGGCCCGCGGCGCGACTCGAGAGCGTTTTAGAGCTAGAAATAGC,25nm,STD
SCO5089_loc_167,CGGTTGGTAGGATCGACGGCGCGCGACTCGAGAGCCGGTAGTTTTAGAGCTAGAAATAGC,25nm,STD
SCO5087_loc_210,CGGTTGGTAGGATCGACGGCGAGCAGTTCCCAGAACTGCCGTTTTAGAGCTAGAAATAGC,25nm,STD
SCO5088_loc_216,CGGTTGGTAGGATCGACGGCCGCAGACGGACCCCTCCACAGTTTTAGAGCTAGAAATAGC,25nm,STD
SCO5088_loc_252,CGGTTGGTAGGATCGACGGCCTGGAGGGCCCAGTCCGCGGGTTTTAGAGCTAGAAATAGC,25nm,STD
SCO5088_loc_262,CGGTTGGTAGGATCGACGGCGGCCCTCCAGGACGCGAAGGGTTTTAGAGCTAGAAATAGC,25nm,STD
SCO5087_loc_283,CGGTTGGTAGGATCGACGGCCCGTTCACAGGTCGCGGCGGGTTTTAGAGCTAGAAATAGC,25nm,STD
SCO5087_loc_522,CGGTTGGTAGGATCGACGGCGTCGACCTCCCAGTCACGGCGTTTTAGAGCTAGAAATAGC,25nm,STD
SCO5087_loc_600,CGGTTGGTAGGATCGACGGCGCCGACCGCCCAGGCGACCTGTTTTAGAGCTAGAAATAGC,25nm,STD
SCO5087_loc_596,CGGTTGGTAGGATCGACGGCACCGCCCAGGCGACCTCGGCGTTTTAGAGCTAGAAATAGC,25nm,STD
SCO5087_fwd_checking_primer,GACGATTCGGCCCGTG,25nm,STD
SCO5088_fwd_checking_primer,CGCATCCACGCCGAGA,25nm,STD
SCO5089_fwd_checking_primer,CGTACGGCGAACTCGC,25nm,STD
SCO5087_rev_checking_primer,CAGGGCGTCCAGGC,25nm,STD
SCO5088_rev_checking_primer,CAGCGTCCGGCGG,25nm,STD
SCO5089_rev_checking_primer,GTCCCCGGACGGC,25nm,STD
